accuracy	w0	w1	w2	
0.5000000000	0.2000000000	1.0000000000	-1.0000000000	
0.5833333333	-0.8000000000	-0.0500000000	-1.5300000000	
0.5833333333	0.2000000000	-0.2000000000	-0.8000000000	
0.5833333333	0.2000000000	-0.4500000000	-1.0700000000	
0.5833333333	0.2000000000	-0.7000000000	-1.3400000000	
0.5833333333	0.2000000000	-0.9500000000	-1.6100000000	
0.5833333333	0.2000000000	-1.2900000000	-1.6300000000	
0.8333333333	1.2000000000	-1.1800000000	-1.1500000000	
